IDENTITY AND ACCESS MANAGEMENT, IAM Access Control and Permission Management, User Management and Roles Subsystem, This subsystem ensures user management and access, including authentication settings, authorization, and SSO integration with external Identity Providers., overview.adoc under the path docs/ua/modules/arch/pages/architecture/platform/operational/user-management/
IDENTITY AND ACCESS MANAGEMENT, Internal Users can manage User Accounts and Roles, User Management and Roles Subsystem, This subsystem ensures user management and access, including authentication settings, authorization, and SSO integration with external Identity Providers., overview.adoc under the path docs/ua/modules/arch/pages/architecture/platform/operational/user-management/
IDENTITY AND ACCESS MANAGEMENT, Internal Users can suspend User Accounts and Roles, User Management and Roles Subsystem, This subsystem ensures user management and access, including authentication settings, authorization, and SSO integration with external Identity Providers., overview.adoc under the path docs/ua/modules/arch/pages/architecture/platform/operational/user-management/
IDENTITY AND ACCESS MANAGEMENT, Internal Users can assign Roles to User Accounts, User Management and Roles Subsystem, This subsystem ensures user management and access, including authentication settings, authorization, and SSO integration with external Identity Providers., overview.adoc under the path docs/ua/modules/arch/pages/architecture/platform/operational/user-management/
IDENTITY AND ACCESS MANAGEMENT, Internal Users can manage Role hierarchies, User Management and Roles Subsystem, This subsystem ensures user management and access, including authentication settings, authorization, and SSO integration with external Identity Providers., overview.adoc under the path docs/ua/modules/arch/pages/architecture/platform/operational/user-management/
IDENTITY AND ACCESS MANAGEMENT, Internal Users can manage permissions on User Accounts and Roles, User Management and Roles Subsystem, This subsystem ensures user management and access, including authentication settings, authorization, and SSO integration with external Identity Providers., overview.adoc under the path docs/ua/modules/arch/pages/architecture/platform/operational/user-management/
IDENTITY AND ACCESS MANAGEMENT, Internal Users can apply granular permissions, User Management and Roles Subsystem, This subsystem ensures user management and access, including authentication settings, authorization, and SSO integration with external Identity Providers., overview.adoc under the path docs/ua/modules/arch/pages/architecture/platform/operational/user-management/
IDENTITY AND ACCESS MANAGEMENT, Internal Users can prioritise permissions, User Management and Roles Subsystem, This subsystem ensures user management and access, including authentication settings, authorization, and SSO integration with external Identity Providers., overview.adoc under the path docs/ua/modules/arch/pages/architecture/platform/operational/user-management/
IDENTITY AND ACCESS MANAGEMENT, Internal Users can automate permission changes, User Management and Roles Subsystem, This subsystem ensures user management and access, including authentication settings, authorization, and SSO integration with external Identity Providers., overview.adoc under the path docs/ua/modules/arch/pages/architecture/platform/operational/user-management/
IDENTITY AND ACCESS MANAGEMENT, Internal Users can update permissions in bulk, User Management and Roles Subsystem, This subsystem ensures user management and access, including authentication settings, authorization, and SSO integration with external Identity Providers., overview.adoc under the path docs/ua/modules/arch/pages/architecture/platform/operational/user-management/
IDENTITY AND ACCESS MANAGEMENT, IAM System may require multiple-party approval for permission changes, User Management and Roles Subsystem, This subsystem ensures user management and access, including authentication settings, authorization, and SSO integration with external Identity Providers., overview.adoc under the path docs/ua/modules/arch/pages/architecture/platform/operational/user-management/
IDENTITY AND ACCESS MANAGEMENT, Internal Users can control field-level access to data, User Management and Roles Subsystem, This subsystem ensures user management and access, including authentication settings, authorization, and SSO integration with external Identity Providers., overview.adoc under the path docs/ua/modules/arch/pages/architecture/platform/operational/user-management/
IDENTITY AND ACCESS MANAGEMENT, Internal Users can control access to Customer Records, User Management and Roles Subsystem, This subsystem ensures user management and access, including authentication settings, authorization, and SSO integration with external Identity Providers., overview.adoc under the path docs/ua/modules/arch/pages/architecture/platform/operational/user-management/
IDENTITY AND ACCESS MANAGEMENT, Internal Users can control access to MyGov applications, User Management and Roles Subsystem, This subsystem ensures user management and access, including authentication settings, authorization, and SSO integration with external Identity Providers., overview.adoc under the path docs/ua/modules/arch/pages/architecture/platform/operational/user-management/
IDENTITY AND ACCESS MANAGEMENT, Internal Users can control access based on the User Verification-Level, User Management and Roles Subsystem, This subsystem ensures user management and access, including authentication settings, authorization, and SSO integration with external Identity Providers., overview.adoc under the path docs/ua/modules/arch/pages/architecture/platform/operational/user-management/
IDENTITY AND ACCESS MANAGEMENT, Internal Users can control access based on the User Authentication-Level, User Management and Roles Subsystem, This subsystem ensures user management and access, including authentication settings, authorization, and SSO integration with external Identity Providers., overview.adoc under the path docs/ua/modules/arch/pages/architecture/platform/operational/user-management/
IDENTITY AND ACCESS MANAGEMENT, Internal Users can control access using dynamic authentication rules, User Management and Roles Subsystem, This subsystem ensures user management and access, including authentication settings, authorization, and SSO integration with external Identity Providers., overview.adoc under the path docs/ua/modules/arch/pages/architecture/platform/operational/user-management/
IDENTITY AND ACCESS MANAGEMENT, Internal Users can apply risk-based access controls, User Management and Roles Subsystem, This subsystem ensures user management and access, including authentication settings, authorization, and SSO integration with external Identity Providers., overview.adoc under the path docs/ua/modules/arch/pages/architecture/platform/operational/user-management/
IDENTITY AND ACCESS MANAGEMENT, User is notified of changes to their access levels, User Management and Roles Subsystem, This subsystem ensures user management and access, including authentication settings, authorization, and SSO integration with external Identity Providers., overview.adoc under the path docs/ua/modules/arch/pages/architecture/platform/operational/user-management/
IDENTITY AND ACCESS MANAGEMENT, Internal Users can search access control data, User Management and Roles Subsystem, This subsystem ensures user management and access, including authentication settings, authorization, and SSO integration with external Identity Providers., overview.adoc under the path docs/ua/modules/arch/pages/architecture/platform/operational/user-management/
IDENTITY AND ACCESS MANAGEMENT, Internal Users can categorise Objects, User Management and Roles Subsystem, This subsystem ensures user management and access, including authentication settings, authorization, and SSO integration with external Identity Providers., overview.adoc under the path docs/ua/modules/arch/pages/architecture/platform/operational/user-management/
IDENTITY AND ACCESS MANAGEMENT, Internal Users can apply Attributes to Objects, User Management and Roles Subsystem, This subsystem ensures user management and access, including authentication settings, authorization, and SSO integration with external Identity Providers., overview.adoc under the path docs/ua/modules/arch/pages/architecture/platform/operational/user-management/
IDENTITY AND ACCESS MANAGEMENT, Data Administrator can create new data groups in the Customer Record, User Management and Roles Subsystem, This subsystem ensures user management and access, including authentication settings, authorization, and SSO integration with external Identity Providers., overview.adoc under the path docs/ua/modules/arch/pages/architecture/platform/operational/user-management/
IDENTITY AND ACCESS MANAGEMENT, Data Administrator can manage data groups in the Customer Record, User Management and Roles Subsystem, This subsystem ensures user management and access, including authentication settings, authorization, and SSO integration with external Identity Providers., overview.adoc under the path docs/ua/modules/arch/pages/architecture/platform/operational/user-management/